id,firstname,lastname,email,email2,profession
100,Hollie,Hylan,Hollie.Hylan@yopmail.com,Hollie.Hylan@gmail.com,worker
101,Ricky,Shama,Ricky.Shama@yopmail.com,Ricky.Shama@gmail.com,doctor
102,Ebonee,Clie,Ebonee.Clie@yopmail.com,Ebonee.Clie@gmail.com,firefighter
103,Corina,Toni,Corina.Toni@yopmail.com,Corina.Toni@gmail.com,police officer
104,Albertina,Avi,Albertina.Avi@yopmail.com,Albertina.Avi@gmail.com,worker
105,Giustina,Armanda,Giustina.Armanda@yopmail.com,Giustina.Armanda@gmail.com,firefighter
106,Vinita,Berne,Vinita.Berne@yopmail.com,Vinita.Berne@gmail.com,worker
107,Mireielle,Klotz,Mireielle.Klotz@yopmail.com,Mireielle.Klotz@gmail.com,worker
108,Roseline,Goode,Roseline.Goode@yopmail.com,Roseline.Goode@gmail.com,developer
109,Nataline,Brieta,Nataline.Brieta@yopmail.com,Nataline.Brieta@gmail.com,doctor